SaleID,ProductName,Category,Quantity,Price,SaleTimestamp
1,Miss,Kakor,7,16.27,2025-01-05T23:00:40
2,Owner,Godis,7,33.13,2025-01-16T08:18:28
3,Can,Kakor,9,34.29,2025-01-03T22:17:54
4,Risk,Läsk,7,25.46,2025-01-04T14:49:22
5,Someone,Godis,7,33.44,2025-01-16T05:42:54
6,Later,Godis,4,46.83,2025-01-02T20:50:49
7,Best,Läsk,4,8.49,2025-01-12T09:14:36
8,Future,Kakor,6,31.72,2025-01-05T08:25:25
9,General,Godis,8,42.88,2025-01-03T04:06:12
10,Someone,Läsk,4,8.57,2025-01-03T13:06:07
11,Help,Godis,5,38.22,2025-01-07T18:44:41
12,Water,Läsk,6,5.82,2025-01-01T08:45:28
13,Step,Godis,6,5.95,2025-01-01T18:43:21
14,Line,Godis,6,42.35,2025-01-01T00:44:51
15,Region,Kakor,10,47.46,2025-01-02T00:31:42
16,Difference,Läsk,2,30.94,2025-01-07T16:04:51
17,Think,Godis,3,29.63,2025-01-16T03:04:34
18,Successful,Läsk,5,14.94,2025-01-05T08:22:37
19,Month,Läsk,10,35.06,2025-01-07T02:09:29
20,Street,Kakor,1,33.13,2025-01-02T16:19:33
21,Policy,Läsk,2,19.54,2025-01-03T15:02:19
22,Easy,Kakor,10,13.59,2025-01-03T22:52:30
23,Build,Godis,1,22.9,2025-01-14T06:48:53
24,Wait,Godis,2,48.94,2025-01-08T15:50:44
25,Campaign,Godis,7,15.34,2025-01-06T21:06:57
26,Open,Kakor,6,43.73,2025-01-11T05:34:19
27,Traditional,Godis,2,5.23,2025-01-13T10:38:22
28,Along,Kakor,1,33.18,2025-01-12T17:50:10
29,Authority,Godis,5,28.73,2025-01-11T00:01:20
30,Marriage,Kakor,10,9.79,2025-01-15T19:23:17
31,Kitchen,Godis,5,35.32,2025-01-08T20:52:11
32,Together,Läsk,8,8.55,2025-01-11T18:43:03
33,Employee,Kakor,3,25.46,2025-01-07T16:24:30
34,Forget,Kakor,9,7.91,2025-01-08T21:22:10
35,Defense,Kakor,6,16.83,2025-01-13T19:32:42
36,Because,Läsk,6,27.35,2025-01-08T08:53:03
37,Start,Läsk,4,46.8,2025-01-09T00:36:41
38,Personal,Godis,2,12.63,2025-01-08T13:54:22
39,Threat,Läsk,3,21.03,2025-01-14T13:24:35
40,Table,Läsk,4,23.09,2025-01-02T15:18:13
41,Among,Godis,6,48.78,2025-01-14T01:05:01
42,Great,Läsk,5,14.43,2025-01-10T07:06:41
43,Ten,Kakor,10,32.8,2025-01-05T07:31:25
44,Property,Läsk,10,23.27,2025-01-14T07:10:10
45,Couple,Godis,8,5.93,2025-01-07T04:11:22
46,Fund,Läsk,3,49.01,2025-01-14T09:17:31
47,Scientist,Läsk,10,40.38,2025-01-14T06:38:04
48,Bed,Läsk,8,45.74,2025-01-03T00:05:12
49,Along,Läsk,2,29.11,2025-01-11T17:18:09
50,Half,Läsk,9,12.01,2025-01-15T12:51:15
51,Never,Läsk,1,34.81,2025-01-07T09:06:46
52,Half,Läsk,4,40.39,2025-01-12T21:09:36
53,We,Läsk,7,14.54,2025-01-02T14:47:24
54,Parent,Godis,3,14.79,2025-01-15T19:02:02
55,Possible,Godis,2,18.67,2025-01-16T07:26:13
56,Half,Läsk,8,31.83,2025-01-14T22:59:37
57,Center,Godis,8,31.51,2025-01-08T02:30:26
58,Continue,Läsk,3,16.33,2025-01-05T11:51:05
59,Pressure,Godis,1,47.91,2025-01-02T02:44:33
60,Fly,Godis,2,43.91,2025-01-06T17:53:15
61,Alone,Läsk,3,8.81,2025-01-05T11:34:27
62,Find,Kakor,6,34.09,2025-01-06T22:48:53
63,Item,Läsk,10,19.12,2025-01-04T20:28:44
64,Season,Läsk,7,17.27,2025-01-05T18:58:13
65,Security,Godis,1,10.17,2025-01-04T19:04:39
66,Lay,Läsk,7,46.47,2025-01-02T14:30:10
67,Game,Kakor,1,39.58,2025-01-09T10:56:45
68,Cup,Läsk,8,5.01,2025-01-04T11:35:54
69,Speak,Kakor,1,21.81,2025-01-06T06:43:57
70,Leader,Läsk,2,29.85,2025-01-06T21:57:27
71,Amount,Läsk,5,7.83,2025-01-03T05:55:12
72,Alone,Läsk,4,21.91,2025-01-10T18:51:48
73,Card,Kakor,2,46.14,2025-01-14T15:16:52
74,Really,Kakor,9,46.74,2025-01-06T07:30:34
75,Four,Kakor,4,22.53,2025-01-07T07:57:41
76,Customer,Läsk,6,45.12,2025-01-04T18:27:42
77,Build,Godis,6,16.19,2025-01-11T11:58:10
78,Receive,Kakor,2,36.01,2025-01-07T03:15:42
79,Day,Godis,8,18.78,2025-01-01T14:18:03
80,Gun,Kakor,7,7.36,2025-01-09T13:13:30
81,Admit,Kakor,2,8.33,2025-01-06T11:01:37
82,Region,Godis,9,38.79,2025-01-08T21:37:26
83,Maybe,Läsk,6,43.84,2025-01-16T01:45:13
84,Marriage,Kakor,7,37.83,2025-01-05T03:43:43
85,Two,Läsk,9,36.13,2025-01-10T16:50:54
86,Answer,Kakor,1,42.31,2025-01-04T06:59:52
87,Institution,Godis,6,47.54,2025-01-15T23:01:14
88,Decide,Godis,6,49.03,2025-01-08T20:30:11
89,Bed,Kakor,1,18.24,2025-01-10T07:09:26
90,Receive,Kakor,5,10.29,2025-01-12T10:48:48
91,Tree,Kakor,4,20.1,2025-01-06T04:02:38
92,Customer,Godis,6,20.04,2025-01-02T00:08:46
93,Air,Kakor,7,28.43,2025-01-04T14:22:50
94,Kitchen,Kakor,3,21.16,2025-01-04T02:50:11
95,Society,Kakor,2,30.1,2025-01-06T22:27:51
96,Man,Läsk,2,39.04,2025-01-15T15:53:54
97,Card,Kakor,3,48.96,2025-01-02T08:35:31
98,Performance,Kakor,6,42.8,2025-01-14T13:19:25
99,Especially,Kakor,2,6.96,2025-01-03T10:32:32
100,Later,Läsk,2,9.6,2025-01-05T04:17:49
101,Receive,Kakor,7,26.42,2025-01-01T23:42:42
102,Per,Godis,3,30.69,2025-01-12T03:51:40
103,Military,Läsk,6,47.82,2025-01-06T11:55:03
104,Compare,Godis,9,44.7,2025-01-12T21:17:09
105,Heart,Kakor,3,14.78,2025-01-13T01:49:18
106,Whom,Godis,1,11.3,2025-01-14T09:19:14
107,Require,Kakor,3,28.62,2025-01-12T03:47:52
108,What,Läsk,6,15.92,2025-01-05T03:19:20
109,However,Läsk,6,41.16,2025-01-04T11:41:09
110,Our,Kakor,4,44.6,2025-01-04T23:43:00
111,Can,Godis,4,9.42,2025-01-15T18:23:17
112,Political,Kakor,3,6.88,2025-01-11T07:22:23
113,Hand,Kakor,5,28.49,2025-01-01T22:38:43
114,Argue,Godis,1,17.04,2025-01-02T16:33:10
115,Hospital,Godis,7,33.92,2025-01-05T18:52:08
116,Really,Kakor,2,32.44,2025-01-14T05:42:53
117,Plan,Kakor,3,31.84,2025-01-01T00:36:17
118,Conference,Kakor,3,26.2,2025-01-09T21:46:16
119,Soldier,Godis,6,11.25,2025-01-14T23:42:50
120,Positive,Kakor,6,49.16,2025-01-02T12:34:59
121,Part,Kakor,8,12.42,2025-01-06T20:50:13
122,Minute,Läsk,4,35.41,2025-01-02T03:59:26
123,Risk,Godis,3,34.94,2025-01-09T07:14:23
124,Someone,Kakor,8,27.57,2025-01-03T03:22:18
125,Send,Godis,5,45.03,2025-01-09T17:07:17
126,The,Godis,9,34.65,2025-01-06T07:12:44
127,Buy,Kakor,10,17.5,2025-01-13T01:37:16
128,Lay,Läsk,1,45.81,2025-01-06T07:52:05
129,Week,Godis,1,40.31,2025-01-03T15:09:18
130,Half,Godis,5,20.05,2025-01-12T09:09:17
131,Analysis,Läsk,1,21.78,2025-01-08T23:24:50
132,Whom,Läsk,2,8.94,2025-01-05T17:53:12
133,Smile,Kakor,8,6.74,2025-01-03T08:55:01
134,Identify,Godis,4,9.56,2025-01-16T10:56:11
135,Do,Kakor,4,32.64,2025-01-02T01:29:15
136,Pretty,Kakor,4,33.43,2025-01-02T10:14:18
137,Doctor,Kakor,8,49.09,2025-01-09T19:01:08
138,Property,Läsk,3,37.98,2025-01-09T17:44:04
139,Month,Läsk,4,26.62,2025-01-13T09:14:53
140,Drive,Läsk,10,45.99,2025-01-14T13:58:31
141,Admit,Läsk,1,11.11,2025-01-16T09:20:50
142,Threat,Läsk,2,5.99,2025-01-09T13:39:40
143,Reason,Kakor,10,17.34,2025-01-12T22:32:35
144,Project,Godis,2,49.37,2025-01-13T12:10:52
145,Condition,Läsk,5,31.56,2025-01-16T12:50:09
146,Money,Kakor,5,49.03,2025-01-11T23:52:32
147,Check,Kakor,4,35.69,2025-01-14T10:07:19
148,Month,Godis,1,28.18,2025-01-12T11:53:54
149,Participant,Kakor,2,9.18,2025-01-02T02:54:46
150,Air,Läsk,6,28.94,2025-01-03T16:25:20
151,Policy,Kakor,7,42.07,2025-01-13T22:28:12
152,Argue,Kakor,1,31.12,2025-01-02T00:52:41
153,Before,Godis,1,30.47,2025-01-12T06:04:45
154,Case,Godis,7,27.35,2025-01-02T18:02:01
155,View,Kakor,9,21.97,2025-01-05T19:40:10
156,Authority,Läsk,5,40.89,2025-01-12T10:44:18
157,Least,Läsk,5,31.4,2025-01-10T02:22:02
158,Hand,Godis,6,31.09,2025-01-12T17:37:36
159,Help,Läsk,10,17.42,2025-01-01T12:23:59
160,Sea,Kakor,10,25.5,2025-01-01T06:40:13
161,Type,Kakor,8,37.09,2025-01-06T15:02:56
162,Part,Läsk,4,7.93,2025-01-10T16:29:28
163,Because,Godis,5,25.33,2025-01-15T06:58:42
164,Report,Läsk,4,29.81,2025-01-08T18:00:24
165,Military,Läsk,10,42.16,2025-01-14T06:57:10
166,Help,Kakor,4,18.54,2025-01-06T16:18:38
167,Talk,Läsk,8,20.41,2025-01-05T13:48:50
168,Later,Godis,9,46.57,2025-01-14T19:29:55
169,Rich,Kakor,5,22.12,2025-01-11T20:40:18
170,Successful,Läsk,4,30.49,2025-01-10T23:17:38
171,Several,Kakor,3,45.78,2025-01-15T15:38:28
172,Staff,Läsk,8,32.15,2025-01-12T06:39:57
173,Its,Godis,9,10.96,2025-01-03T03:17:32
174,Enjoy,Godis,7,7.49,2025-01-12T03:09:36
175,Center,Läsk,3,10.4,2025-01-10T21:43:27
176,Professor,Läsk,10,37.25,2025-01-07T10:26:06
177,Image,Läsk,4,42.58,2025-01-14T12:36:47
178,Teacher,Kakor,1,12.12,2025-01-16T09:16:34
179,Start,Läsk,6,18.85,2025-01-04T11:31:04
180,Choose,Läsk,4,40.32,2025-01-03T14:12:14
181,Answer,Godis,9,45.26,2025-01-16T02:21:51
182,Drive,Kakor,9,39.62,2025-01-03T04:24:58
183,Policy,Läsk,8,14.59,2025-01-07T06:32:34
184,Especially,Godis,8,18.61,2025-01-11T20:10:48
185,Long,Kakor,4,23.91,2025-01-01T03:51:31
186,Blood,Godis,8,20.39,2025-01-05T18:08:14
187,Money,Kakor,6,49.82,2025-01-09T13:21:44
188,Tonight,Kakor,3,45.64,2025-01-16T00:25:04
189,Staff,Kakor,10,49.34,2025-01-07T18:01:47
190,Personal,Godis,6,10.02,2025-01-09T14:19:58
191,Receive,Kakor,7,41.45,2025-01-11T09:08:11
192,Find,Godis,6,7.91,2025-01-11T15:15:42
193,Win,Godis,5,24.77,2025-01-07T13:17:59
194,President,Godis,3,6.25,2025-01-05T12:03:04
195,Because,Godis,1,25.14,2025-01-12T09:26:14
196,Enjoy,Läsk,5,35.55,2025-01-06T03:28:23
197,Camera,Läsk,4,20.96,2025-01-16T02:54:36
198,Scientist,Godis,4,25.34,2025-01-01T09:53:13
199,Laugh,Godis,1,29.65,2025-01-13T21:08:23
200,Together,Godis,4,42.66,2025-01-02T11:07:42
201,Game,Läsk,6,23.41,2025-01-13T09:29:32
202,Minute,Kakor,9,45.59,2025-01-14T13:00:08
203,Forward,Godis,7,49.71,2025-01-09T15:51:12
204,Tonight,Godis,7,37.73,2025-01-05T12:25:14
205,Past,Godis,7,29.18,2025-01-10T14:54:27
206,Similar,Kakor,4,43.48,2025-01-02T21:09:20
207,Back,Godis,6,30.51,2025-01-10T06:46:26
208,Prove,Kakor,6,42.69,2025-01-16T03:04:01
209,Week,Godis,6,12.92,2025-01-05T23:28:54
210,Reveal,Godis,2,26.39,2025-01-05T15:01:23
211,Pressure,Kakor,8,17.93,2025-01-08T08:49:48
212,Miss,Läsk,4,24.92,2025-01-02T16:15:10
213,Risk,Kakor,4,21.39,2025-01-01T14:31:25
214,Important,Godis,2,41.12,2025-01-03T06:03:28
215,Behavior,Läsk,3,15.36,2025-01-01T06:21:23
216,Line,Läsk,5,46.03,2025-01-10T01:51:45
217,Answer,Kakor,5,33.02,2025-01-05T20:06:03
218,Day,Läsk,2,42.43,2025-01-05T04:12:30
219,Bed,Läsk,1,38.0,2025-01-04T12:13:09
220,Culture,Godis,5,36.41,2025-01-07T01:19:55
221,Cup,Kakor,2,20.39,2025-01-02T11:20:54
222,Later,Kakor,6,26.26,2025-01-06T00:29:05
223,Pressure,Godis,7,39.97,2025-01-12T21:45:07
224,According,Kakor,10,5.58,2025-01-16T08:37:15
225,Several,Kakor,7,28.38,2025-01-10T15:59:50
226,Success,Godis,4,20.48,2025-01-14T00:17:02
227,Minute,Godis,5,17.65,2025-01-16T13:17:21
228,Day,Kakor,2,22.43,2025-01-14T01:28:49
229,Reveal,Kakor,1,21.79,2025-01-03T12:50:59
230,Wait,Godis,8,27.17,2025-01-05T04:13:14
231,Policy,Kakor,6,36.13,2025-01-05T18:01:03
232,Type,Godis,3,27.88,2025-01-09T02:37:57
233,Model,Läsk,1,17.27,2025-01-01T23:59:05
234,Item,Godis,4,40.99,2025-01-06T14:43:13
235,Speak,Läsk,1,33.69,2025-01-16T04:55:21
236,Admit,Kakor,4,14.02,2025-01-11T19:08:56
237,Because,Kakor,3,47.78,2025-01-15T23:04:22
238,Someone,Läsk,3,23.43,2025-01-05T07:59:00
239,Toward,Godis,8,10.85,2025-01-06T13:50:01
240,Seem,Kakor,2,8.16,2025-01-13T20:48:44
241,Carry,Kakor,7,38.78,2025-01-01T05:55:20
242,There,Läsk,4,39.68,2025-01-16T00:35:07
243,Market,Läsk,6,36.97,2025-01-06T04:16:31
244,Shoulder,Godis,9,21.22,2025-01-08T22:47:55
245,Region,Kakor,4,40.89,2025-01-10T16:19:58
246,Kitchen,Läsk,2,38.04,2025-01-06T06:45:50
247,Camera,Godis,3,32.11,2025-01-03T05:57:22
248,Send,Läsk,7,41.02,2025-01-09T00:19:21
249,There,Kakor,4,36.2,2025-01-10T03:23:16
250,Claim,Kakor,8,15.69,2025-01-04T11:38:44
251,Enjoy,Godis,6,23.96,2025-01-10T19:37:01
252,General,Kakor,6,12.0,2025-01-05T21:12:47
253,Economic,Godis,8,35.07,2025-01-03T20:55:37
254,Amount,Godis,7,8.86,2025-01-03T00:09:02
255,Answer,Kakor,10,30.28,2025-01-04T00:19:14
256,Enter,Godis,9,20.57,2025-01-13T06:13:16
257,Until,Läsk,9,11.21,2025-01-10T09:53:15
258,Spring,Läsk,6,33.67,2025-01-10T00:22:26
259,Staff,Kakor,2,44.86,2025-01-07T15:17:36
260,Family,Kakor,7,40.98,2025-01-09T20:39:58
261,Successful,Kakor,7,30.2,2025-01-03T22:12:22
262,Enter,Godis,6,11.57,2025-01-10T12:24:54
263,Risk,Kakor,3,31.41,2025-01-03T21:53:29
264,Never,Läsk,7,25.9,2025-01-07T10:16:00
265,Season,Kakor,7,6.96,2025-01-08T17:11:46
266,Something,Läsk,10,36.23,2025-01-10T15:13:28
267,Answer,Kakor,4,13.6,2025-01-12T02:28:20
268,Key,Godis,9,31.3,2025-01-09T14:19:11
269,Among,Läsk,4,44.94,2025-01-06T13:53:48
270,Maybe,Kakor,5,36.26,2025-01-03T23:22:54
271,Region,Läsk,8,19.58,2025-01-01T11:22:36
272,Identify,Läsk,1,42.51,2025-01-13T02:17:18
273,Cup,Kakor,6,15.55,2025-01-02T19:01:06
274,Name,Läsk,2,37.46,2025-01-11T08:15:46
275,Later,Kakor,10,48.63,2025-01-04T10:56:56
276,Culture,Godis,2,45.83,2025-01-03T02:07:10
277,Win,Kakor,9,17.58,2025-01-15T01:29:33
278,Stand,Godis,4,41.91,2025-01-08T01:24:49
279,Project,Läsk,3,29.32,2025-01-13T21:24:57
280,Admit,Kakor,10,5.4,2025-01-10T17:04:21
281,Heart,Läsk,7,23.15,2025-01-06T11:25:13
282,Fly,Kakor,5,14.21,2025-01-10T20:33:10
283,Difference,Kakor,4,27.92,2025-01-16T16:21:19
284,Money,Kakor,8,43.13,2025-01-02T17:34:13
285,Before,Kakor,6,6.83,2025-01-04T11:14:00
286,Tonight,Kakor,2,29.94,2025-01-02T04:46:47
287,Open,Kakor,5,25.15,2025-01-09T08:13:38
288,Article,Läsk,9,9.57,2025-01-14T07:25:03
289,Seven,Läsk,1,24.7,2025-01-01T22:29:26
290,Past,Läsk,7,41.17,2025-01-15T12:23:53
291,First,Kakor,2,26.44,2025-01-04T16:07:54
292,Building,Kakor,6,47.06,2025-01-08T14:56:01
293,Professor,Läsk,4,36.24,2025-01-06T17:26:17
294,Per,Läsk,10,46.47,2025-01-01T04:57:24
295,Possible,Kakor,10,6.66,2025-01-12T23:58:14
296,Later,Kakor,3,16.13,2025-01-04T22:05:00
297,Find,Läsk,1,38.53,2025-01-07T21:51:44
298,Policy,Godis,1,41.21,2025-01-03T17:53:19
299,Find,Godis,6,46.96,2025-01-03T18:47:31
300,Blood,Läsk,4,19.47,2025-01-01T17:09:05
301,Property,Läsk,6,46.13,2025-01-16T00:42:36
302,Hospital,Godis,10,43.17,2025-01-01T18:47:50
303,Career,Kakor,9,37.42,2025-01-15T23:39:26
304,Speak,Godis,3,29.98,2025-01-09T10:24:52
305,Interest,Läsk,6,12.42,2025-01-05T18:36:14
306,Laugh,Godis,2,16.57,2025-01-11T12:43:34
307,Especially,Godis,2,15.85,2025-01-07T20:55:47
308,Sometimes,Godis,4,14.4,2025-01-14T08:22:06
309,Employee,Läsk,10,23.3,2025-01-01T04:01:42
310,However,Kakor,8,29.19,2025-01-07T02:14:42
311,Camera,Godis,10,41.19,2025-01-16T07:38:32
312,Something,Läsk,1,13.7,2025-01-14T20:56:34
313,Only,Kakor,3,13.45,2025-01-08T13:35:01
314,Six,Läsk,9,26.22,2025-01-02T13:45:36
315,Though,Läsk,4,46.26,2025-01-06T06:46:56
316,Suffer,Kakor,8,22.29,2025-01-06T09:34:11
317,Project,Läsk,4,26.11,2025-01-01T05:39:56
318,This,Kakor,4,16.98,2025-01-16T02:52:16
319,Performance,Läsk,5,44.63,2025-01-02T23:01:45
320,Bed,Läsk,6,33.13,2025-01-11T13:46:23
321,Notice,Godis,1,13.03,2025-01-16T16:21:09
322,Medical,Godis,8,25.93,2025-01-06T04:03:38
323,Staff,Kakor,3,37.46,2025-01-06T13:03:13
324,Company,Kakor,2,18.38,2025-01-15T09:53:20
325,Suffer,Kakor,9,11.13,2025-01-12T19:34:29
326,Job,Läsk,4,25.2,2025-01-03T01:07:31
327,Water,Godis,8,39.68,2025-01-11T02:58:54
328,Prove,Läsk,2,18.74,2025-01-02T01:46:27
329,Drive,Kakor,6,47.38,2025-01-01T18:12:01
330,Shoulder,Läsk,1,47.43,2025-01-02T13:13:30
331,Forget,Läsk,3,8.44,2025-01-13T20:14:36
332,Enjoy,Läsk,8,8.64,2025-01-01T06:46:40
333,Network,Godis,8,5.66,2025-01-03T06:16:24
334,Spring,Läsk,3,49.18,2025-01-11T16:44:45
335,Building,Läsk,3,37.92,2025-01-04T15:47:20
336,Money,Godis,10,47.74,2025-01-05T18:20:17
337,Step,Läsk,4,49.4,2025-01-12T02:25:24
338,Notice,Godis,10,36.47,2025-01-04T14:02:24
339,Hair,Läsk,10,26.14,2025-01-01T18:28:29
340,Economic,Kakor,3,34.42,2025-01-08T13:08:35
341,Air,Kakor,7,13.33,2025-01-06T07:53:39
342,Really,Godis,9,43.01,2025-01-11T20:08:13
343,Successful,Läsk,4,5.28,2025-01-04T19:05:00
344,Customer,Kakor,5,47.21,2025-01-06T06:47:29
345,Hospital,Godis,10,21.92,2025-01-07T15:30:03
346,Defense,Kakor,6,12.42,2025-01-01T08:19:17
347,Help,Läsk,5,19.06,2025-01-03T13:10:51
348,Animal,Läsk,8,48.37,2025-01-11T18:32:33
349,Able,Godis,3,20.71,2025-01-15T19:37:26
350,Partner,Kakor,1,7.85,2025-01-15T06:19:23
351,Back,Kakor,9,5.1,2025-01-15T17:18:13
352,Answer,Godis,6,18.99,2025-01-14T15:31:23
353,Man,Godis,9,10.34,2025-01-10T07:55:31
354,Minute,Godis,7,13.45,2025-01-12T20:43:41
355,About,Läsk,2,13.9,2025-01-12T01:03:11
356,Within,Godis,1,27.01,2025-01-07T21:26:41
357,Week,Läsk,1,17.33,2025-01-05T07:37:12
358,Community,Läsk,1,9.96,2025-01-06T03:35:39
359,Behavior,Läsk,6,12.84,2025-01-02T20:19:27
360,Long,Kakor,2,14.15,2025-01-12T01:19:43
361,Day,Läsk,10,12.84,2025-01-10T16:41:27
362,Street,Läsk,8,6.54,2025-01-07T20:38:53
363,Play,Läsk,6,31.52,2025-01-09T01:07:22
364,Forget,Godis,2,28.91,2025-01-12T05:03:58
365,Though,Läsk,2,14.83,2025-01-12T17:47:35
366,Enter,Läsk,3,6.11,2025-01-10T19:50:26
367,Card,Godis,9,37.02,2025-01-09T07:28:20
368,Class,Läsk,6,41.34,2025-01-06T16:07:54
369,Partner,Kakor,9,37.83,2025-01-07T13:08:30
370,Drive,Godis,5,37.21,2025-01-15T07:27:40
371,Defense,Godis,1,8.29,2025-01-16T01:49:12
372,Class,Läsk,7,45.71,2025-01-11T06:48:13
373,Miss,Godis,3,16.75,2025-01-14T06:05:36
374,Realize,Kakor,8,18.85,2025-01-09T23:50:08
375,Defense,Godis,2,34.52,2025-01-08T13:18:17
376,Need,Läsk,2,22.33,2025-01-07T13:44:48
377,Sign,Godis,1,47.61,2025-01-05T20:20:02
378,Speak,Läsk,10,34.51,2025-01-10T12:15:08
379,Scientist,Godis,4,18.56,2025-01-13T16:29:55
380,Ground,Kakor,2,19.06,2025-01-13T13:06:23
381,Suffer,Godis,10,18.1,2025-01-06T16:00:53
382,Back,Kakor,9,30.98,2025-01-12T09:02:21
383,Similar,Godis,9,40.35,2025-01-10T15:36:42
384,Successful,Kakor,10,27.19,2025-01-03T11:05:34
385,Together,Kakor,4,6.97,2025-01-16T12:08:22
386,Successful,Godis,5,22.14,2025-01-12T21:57:54
387,Owner,Kakor,10,11.5,2025-01-08T14:53:49
388,Tonight,Kakor,5,49.87,2025-01-06T00:08:07
389,Something,Läsk,6,23.33,2025-01-09T09:48:32
390,Possible,Kakor,2,44.78,2025-01-06T07:09:45
391,Pressure,Kakor,10,12.35,2025-01-07T14:15:24
392,Carry,Kakor,10,11.73,2025-01-02T12:53:02
393,Purpose,Godis,5,27.33,2025-01-02T07:30:22
394,Buy,Kakor,7,15.34,2025-01-01T07:28:00
395,There,Läsk,1,42.26,2025-01-08T03:25:44
396,Claim,Kakor,2,36.7,2025-01-09T04:38:45
397,Teacher,Läsk,8,11.29,2025-01-07T03:03:19
398,Of,Kakor,6,10.51,2025-01-04T15:42:44
399,Sure,Kakor,4,15.86,2025-01-16T05:53:44
400,Month,Kakor,7,34.01,2025-01-08T17:20:18
401,Heart,Godis,4,36.55,2025-01-06T03:07:20
402,Country,Läsk,1,46.98,2025-01-10T19:07:55
403,Miss,Läsk,4,45.75,2025-01-05T13:43:08
404,Way,Läsk,4,8.05,2025-01-01T01:52:11
405,Economic,Kakor,10,41.39,2025-01-12T17:04:24
406,People,Godis,5,10.78,2025-01-07T08:25:26
407,Drive,Kakor,6,20.62,2025-01-11T21:04:25
408,Woman,Kakor,7,26.9,2025-01-09T11:06:15
409,Someone,Godis,5,14.27,2025-01-04T02:29:49
410,Hair,Godis,4,49.61,2025-01-10T02:38:23
411,Hair,Läsk,4,16.54,2025-01-05T15:46:26
412,Best,Kakor,4,43.9,2025-01-13T04:01:20
413,Successful,Kakor,4,31.21,2025-01-09T06:43:42
414,Because,Kakor,10,45.3,2025-01-11T17:42:52
415,Buy,Godis,9,37.42,2025-01-13T11:18:47
416,Cup,Kakor,7,31.96,2025-01-01T03:02:12
417,You,Läsk,3,9.37,2025-01-13T10:51:39
418,Along,Kakor,9,29.81,2025-01-03T12:01:13
419,Can,Kakor,5,38.56,2025-01-14T13:38:09
420,Leader,Godis,10,15.24,2025-01-01T23:07:36
421,Carry,Kakor,6,22.08,2025-01-05T04:55:11
422,Carry,Godis,1,16.71,2025-01-15T04:56:02
423,Soldier,Läsk,4,46.78,2025-01-10T03:35:29
424,Another,Kakor,2,18.26,2025-01-08T21:38:18
425,Cup,Kakor,10,25.02,2025-01-10T12:28:30
426,Argue,Kakor,2,18.55,2025-01-11T17:34:57
427,Threat,Godis,3,30.79,2025-01-05T13:16:07
428,Class,Godis,6,42.18,2025-01-15T23:33:15
429,Day,Godis,9,12.51,2025-01-04T12:53:29
430,Card,Läsk,3,20.68,2025-01-03T23:43:05
431,Model,Läsk,3,49.88,2025-01-08T19:08:13
432,Camera,Kakor,9,44.73,2025-01-13T15:50:55
433,Risk,Läsk,6,41.05,2025-01-10T10:49:34
434,Article,Kakor,8,44.25,2025-01-08T07:50:05
435,Type,Läsk,5,30.48,2025-01-10T19:56:02
436,General,Godis,2,37.14,2025-01-08T16:55:15
437,Possible,Kakor,4,27.49,2025-01-12T02:27:04
438,Case,Godis,4,42.76,2025-01-06T20:39:43
439,Week,Godis,7,15.73,2025-01-05T06:43:19
440,Sea,Kakor,6,40.69,2025-01-06T08:36:48
441,Sit,Läsk,10,29.82,2025-01-14T12:50:59
442,Least,Godis,1,12.65,2025-01-11T01:42:04
443,Grow,Läsk,4,30.66,2025-01-01T12:33:48
444,Continue,Läsk,2,14.94,2025-01-11T07:15:09
445,Build,Godis,5,16.61,2025-01-07T04:19:11
446,Threat,Godis,7,13.36,2025-01-08T06:17:26
447,The,Läsk,8,16.2,2025-01-13T21:24:04
448,Democrat,Godis,2,11.92,2025-01-16T01:05:14
449,Suffer,Kakor,10,10.86,2025-01-15T06:30:18
450,Country,Godis,6,23.31,2025-01-08T01:30:28
451,Defense,Läsk,8,8.76,2025-01-15T16:12:34
452,Another,Kakor,8,49.02,2025-01-15T11:27:11
453,Success,Godis,9,33.95,2025-01-12T09:05:52
454,Week,Läsk,6,38.8,2025-01-12T06:47:30
455,Only,Läsk,3,14.93,2025-01-08T01:00:31
456,Plan,Godis,8,30.22,2025-01-04T15:33:37
457,Hospital,Kakor,6,13.22,2025-01-07T18:37:20
458,Kitchen,Kakor,10,15.16,2025-01-01T09:41:21
459,Parent,Läsk,6,37.28,2025-01-05T06:50:23
460,Report,Godis,8,31.19,2025-01-14T05:16:23
461,Hard,Läsk,3,13.18,2025-01-02T14:33:53
462,Do,Läsk,1,8.67,2025-01-12T21:04:12
463,Week,Kakor,3,33.15,2025-01-03T17:24:58
464,Forward,Kakor,2,8.45,2025-01-05T08:36:04
465,Model,Läsk,3,9.04,2025-01-16T14:37:57
466,Carry,Läsk,3,30.61,2025-01-05T09:08:37
467,Account,Godis,9,8.36,2025-01-03T17:54:56
468,Table,Läsk,2,40.5,2025-01-07T17:29:46
469,Drive,Kakor,9,43.54,2025-01-13T13:49:00
470,Argue,Godis,5,39.25,2025-01-08T05:13:08
471,Because,Godis,6,32.18,2025-01-14T00:51:00
472,Prove,Läsk,6,45.63,2025-01-11T21:34:55
473,Personal,Kakor,10,7.65,2025-01-14T12:02:43
474,Enter,Läsk,10,21.05,2025-01-15T07:09:50
475,Table,Läsk,3,22.96,2025-01-04T23:00:12
476,Structure,Kakor,4,9.81,2025-01-08T07:46:53
477,Require,Godis,5,48.56,2025-01-02T15:26:44
478,Several,Godis,5,18.64,2025-01-09T10:13:17
479,Chance,Läsk,5,46.92,2025-01-01T08:47:18
480,Country,Kakor,1,9.95,2025-01-05T11:34:20
481,Reveal,Kakor,7,29.17,2025-01-13T09:56:12
482,Project,Kakor,4,46.52,2025-01-14T08:55:04
483,Similar,Godis,9,26.93,2025-01-11T02:09:54
484,Myself,Kakor,2,31.56,2025-01-01T10:07:49
485,Drive,Godis,10,34.57,2025-01-04T20:37:50
486,Spring,Godis,8,6.14,2025-01-13T07:41:29
487,Account,Läsk,5,8.42,2025-01-03T13:08:20
488,Can,Läsk,10,28.42,2025-01-16T03:47:11
489,Amount,Godis,5,16.62,2025-01-14T16:05:34
490,Enjoy,Läsk,9,27.07,2025-01-06T08:23:07
491,Note,Läsk,10,12.74,2025-01-12T17:57:49
492,Before,Läsk,9,18.36,2025-01-07T22:43:41
493,Card,Godis,7,45.88,2025-01-01T12:52:54
494,Grow,Kakor,1,21.28,2025-01-12T03:15:05
495,Hand,Kakor,5,20.19,2025-01-08T19:08:45
496,Because,Kakor,9,47.93,2025-01-09T15:09:04
497,Stand,Kakor,1,22.23,2025-01-15T16:13:26
498,Tonight,Läsk,6,48.35,2025-01-15T19:35:00
499,Teacher,Godis,8,29.43,2025-01-14T09:20:34
500,President,Kakor,3,20.85,2025-01-09T12:32:33
501,Employee,Läsk,8,8.08,2025-01-02T19:03:58
502,Green,Kakor,4,45.59,2025-01-06T05:21:35
503,Find,Kakor,4,32.62,2025-01-10T15:17:29
504,Along,Godis,2,44.41,2025-01-10T17:12:42
505,Career,Kakor,7,23.73,2025-01-07T20:03:03
506,Job,Kakor,7,24.4,2025-01-12T05:37:40
507,Account,Läsk,10,21.74,2025-01-10T06:36:04
508,Card,Läsk,3,35.66,2025-01-08T05:13:26
509,Part,Läsk,6,36.32,2025-01-13T13:08:51
510,Fly,Godis,8,12.04,2025-01-01T04:29:25
511,Continue,Godis,6,45.8,2025-01-08T04:23:11
512,Future,Godis,1,44.08,2025-01-12T06:00:18
513,Society,Läsk,8,12.14,2025-01-11T17:08:32
514,Staff,Godis,3,5.89,2025-01-02T01:15:36
515,Take,Läsk,7,44.91,2025-01-09T11:16:56
516,Training,Godis,3,39.99,2025-01-15T07:42:40
517,According,Läsk,9,26.77,2025-01-01T07:09:15
518,Teacher,Godis,7,42.35,2025-01-12T20:05:31
519,Focus,Godis,5,5.38,2025-01-01T12:20:37
520,Check,Läsk,7,30.48,2025-01-06T06:58:21
521,Generation,Kakor,4,39.24,2025-01-08T01:43:40
522,Carry,Läsk,10,26.02,2025-01-04T14:54:39
523,Shoulder,Läsk,8,11.25,2025-01-02T06:55:40
524,Someone,Läsk,6,41.59,2025-01-07T00:42:15
525,Carry,Kakor,7,32.66,2025-01-05T05:01:24
526,Region,Godis,4,31.13,2025-01-06T15:57:33
527,Protect,Kakor,10,32.8,2025-01-14T10:26:11
528,Owner,Godis,1,18.77,2025-01-05T11:44:25
529,What,Kakor,7,44.42,2025-01-09T18:34:58
530,Myself,Kakor,10,5.22,2025-01-16T14:05:50
531,Ten,Godis,2,44.67,2025-01-04T22:23:52
532,Because,Kakor,10,29.39,2025-01-05T08:26:01
533,Bed,Godis,5,7.38,2025-01-11T03:17:15
534,Type,Kakor,8,33.13,2025-01-04T07:12:34
535,Toward,Kakor,6,22.67,2025-01-05T19:35:25
536,Win,Godis,10,17.65,2025-01-11T14:09:50
537,Bed,Läsk,10,32.17,2025-01-13T23:31:31
538,Analysis,Läsk,5,31.7,2025-01-04T19:00:42
539,Article,Kakor,2,22.51,2025-01-12T22:51:06
540,Sea,Kakor,6,15.7,2025-01-04T18:33:07
541,Ten,Kakor,8,31.36,2025-01-11T02:01:17
542,Plan,Läsk,9,42.15,2025-01-06T21:05:05
543,Possible,Läsk,3,31.55,2025-01-13T12:51:58
544,Account,Läsk,1,19.22,2025-01-04T05:08:54
545,Rich,Godis,3,35.36,2025-01-07T11:20:48
546,Bill,Kakor,2,17.27,2025-01-06T23:59:54
547,Ground,Godis,7,7.8,2025-01-16T00:44:40
548,However,Godis,6,20.75,2025-01-13T21:43:17
549,Market,Läsk,8,15.11,2025-01-06T03:30:01
550,President,Läsk,2,14.7,2025-01-04T18:35:47
551,Value,Godis,2,21.88,2025-01-12T07:11:54
552,Teacher,Läsk,3,47.25,2025-01-08T17:30:21
553,Money,Kakor,2,46.22,2025-01-04T22:12:49
554,Big,Läsk,8,42.02,2025-01-09T00:57:11
555,Month,Kakor,9,34.67,2025-01-14T17:47:48
556,Heart,Kakor,2,13.62,2025-01-05T04:44:18
557,President,Läsk,6,47.95,2025-01-07T21:39:02
558,Reason,Läsk,9,31.63,2025-01-11T05:16:23
559,Woman,Läsk,8,29.39,2025-01-11T01:51:06
560,Soldier,Läsk,7,21.33,2025-01-14T04:46:58
561,Sure,Läsk,5,38.78,2025-01-09T21:18:33
562,Drive,Godis,4,19.46,2025-01-13T15:48:27
563,Day,Läsk,6,6.68,2025-01-02T13:12:10
564,Fund,Läsk,2,49.55,2025-01-11T16:39:37
565,Possible,Kakor,2,23.93,2025-01-11T08:53:36
566,Sit,Godis,7,13.9,2025-01-12T13:39:37
567,Able,Godis,8,21.12,2025-01-11T09:12:15
568,Personal,Läsk,9,10.93,2025-01-14T11:11:47
569,Start,Läsk,2,18.71,2025-01-10T15:20:48
570,Article,Godis,1,32.09,2025-01-05T21:30:10
571,This,Läsk,5,42.92,2025-01-12T07:55:29
572,Grow,Läsk,5,16.56,2025-01-13T23:07:54
573,Reveal,Kakor,9,15.97,2025-01-12T18:24:16
574,Report,Kakor,8,17.28,2025-01-16T11:32:55
575,Owner,Kakor,7,46.62,2025-01-16T16:55:22
576,Enter,Kakor,7,32.91,2025-01-02T08:16:26
577,Respond,Kakor,7,26.51,2025-01-16T15:13:10
578,What,Kakor,8,25.01,2025-01-03T22:54:39
579,Military,Godis,9,30.01,2025-01-09T16:37:10
580,Heart,Kakor,8,30.01,2025-01-11T07:21:55
581,Policy,Kakor,8,8.3,2025-01-12T17:57:33
582,Week,Godis,10,6.64,2025-01-03T13:43:24
583,Marriage,Godis,5,48.45,2025-01-01T08:24:42
584,Defense,Kakor,8,8.85,2025-01-11T15:57:23
585,Ground,Läsk,8,44.7,2025-01-12T12:28:06
586,Event,Kakor,8,33.31,2025-01-08T13:15:00
587,Building,Godis,2,15.91,2025-01-06T04:56:50
588,Teacher,Kakor,9,31.98,2025-01-08T22:20:08
589,Check,Godis,5,11.55,2025-01-07T00:30:48
590,Open,Läsk,7,47.07,2025-01-08T17:35:43
591,Build,Kakor,10,39.79,2025-01-02T03:02:51
592,Several,Kakor,1,49.85,2025-01-01T03:12:38
593,Doctor,Godis,2,25.09,2025-01-12T02:50:14
594,Week,Läsk,5,39.28,2025-01-15T14:12:18
595,Suffer,Kakor,3,38.64,2025-01-04T12:41:03
596,Receive,Godis,9,24.33,2025-01-16T01:37:33
597,Plan,Läsk,4,49.33,2025-01-04T02:41:49
598,Someone,Kakor,9,5.39,2025-01-01T15:00:52
599,Name,Godis,4,31.71,2025-01-06T06:05:45
600,General,Kakor,3,33.83,2025-01-13T04:32:14
601,Prove,Kakor,8,13.53,2025-01-09T11:13:54
602,Find,Kakor,9,41.07,2025-01-04T13:59:10
603,Country,Godis,1,26.49,2025-01-12T12:31:16
604,Table,Godis,4,44.71,2025-01-14T18:15:32
605,Research,Kakor,7,9.84,2025-01-16T14:26:40
606,Great,Godis,7,37.2,2025-01-04T14:05:53
607,Type,Godis,10,29.17,2025-01-15T22:30:39
608,Camera,Kakor,2,29.97,2025-01-11T07:38:26
609,Within,Läsk,5,34.07,2025-01-05T20:08:26
610,Enjoy,Läsk,8,16.69,2025-01-06T07:29:15
611,Game,Kakor,2,40.04,2025-01-04T14:26:35
612,Pass,Läsk,5,16.43,2025-01-07T08:25:14
613,Rich,Kakor,1,11.98,2025-01-01T04:41:01
614,Its,Läsk,5,10.42,2025-01-10T08:47:53
615,Someone,Läsk,3,45.25,2025-01-10T14:16:35
616,Way,Läsk,9,24.38,2025-01-10T05:07:24
617,Economic,Läsk,9,14.89,2025-01-07T07:59:56
618,Soldier,Läsk,2,45.04,2025-01-01T07:59:34
619,Leader,Kakor,6,47.37,2025-01-04T06:44:08
620,Catch,Kakor,10,29.25,2025-01-10T08:18:23
621,Couple,Läsk,4,11.43,2025-01-10T09:59:10
622,Able,Läsk,1,18.93,2025-01-08T16:14:04
623,Event,Kakor,7,41.52,2025-01-07T22:14:42
624,Success,Läsk,9,34.18,2025-01-09T22:59:33
625,Receive,Läsk,3,10.3,2025-01-06T23:43:06
626,Catch,Kakor,4,45.94,2025-01-05T09:45:26
627,Professor,Godis,7,13.77,2025-01-09T18:08:49
628,Fund,Godis,2,27.65,2025-01-12T03:14:38
629,Speak,Läsk,6,39.04,2025-01-01T12:20:32
630,Tree,Godis,10,46.24,2025-01-01T13:43:02
631,Half,Godis,6,16.03,2025-01-06T09:15:09
632,Policy,Läsk,1,10.15,2025-01-02T12:46:10
633,Along,Kakor,6,22.37,2025-01-11T20:02:11
634,Campaign,Godis,2,31.73,2025-01-14T22:04:08
635,Project,Läsk,9,26.1,2025-01-14T21:19:34
636,Difference,Godis,9,23.31,2025-01-06T07:05:17
637,Card,Godis,9,40.56,2025-01-13T13:54:47
638,Hospital,Kakor,5,17.42,2025-01-15T08:28:16
639,Blood,Kakor,10,27.56,2025-01-01T10:17:05
640,Owner,Kakor,2,12.98,2025-01-09T01:03:49
641,Several,Läsk,8,20.46,2025-01-16T00:10:37
642,Message,Läsk,1,41.63,2025-01-06T18:08:18
643,Long,Läsk,7,36.37,2025-01-10T01:07:44
644,Respond,Godis,6,39.89,2025-01-12T00:39:53
645,Speak,Läsk,2,12.1,2025-01-02T09:46:48
646,Play,Kakor,10,42.59,2025-01-08T09:36:18
647,We,Kakor,10,19.88,2025-01-08T03:44:25
648,Its,Läsk,8,14.04,2025-01-12T04:08:12
649,Pressure,Kakor,7,13.26,2025-01-03T06:19:42
650,Seem,Kakor,10,10.98,2025-01-09T19:37:49
651,Performance,Kakor,3,12.22,2025-01-10T13:14:59
652,Message,Kakor,10,34.27,2025-01-05T21:09:33
653,Spring,Godis,5,31.23,2025-01-01T23:27:34
654,Continue,Godis,8,43.54,2025-01-02T16:13:11
655,Analysis,Godis,4,31.15,2025-01-08T18:05:19
656,Type,Läsk,10,48.14,2025-01-02T11:41:24
657,Bed,Godis,5,13.83,2025-01-03T04:52:43
658,Receive,Kakor,6,19.5,2025-01-10T19:35:57
659,Choose,Godis,10,45.82,2025-01-04T05:20:23
660,Hospital,Läsk,4,22.28,2025-01-01T15:02:38
661,Soldier,Godis,10,9.21,2025-01-05T06:47:20
662,Financial,Läsk,9,22.22,2025-01-03T23:14:14
663,Value,Godis,9,44.79,2025-01-14T23:44:43
664,Military,Läsk,8,8.02,2025-01-01T07:00:20
665,Speak,Godis,9,38.26,2025-01-05T07:43:14
666,Ground,Läsk,8,19.09,2025-01-12T23:27:59
667,Prove,Kakor,7,34.56,2025-01-09T06:29:54
668,Its,Kakor,1,32.94,2025-01-13T21:25:06
669,Economic,Godis,3,32.77,2025-01-10T03:18:15
670,Article,Läsk,9,31.56,2025-01-03T15:32:40
671,Center,Godis,6,31.33,2025-01-09T17:08:47
672,Can,Läsk,6,10.19,2025-01-01T04:31:47
673,Policy,Läsk,3,15.09,2025-01-13T06:38:12
674,Table,Läsk,10,48.26,2025-01-10T19:42:35
675,Case,Godis,2,19.2,2025-01-04T18:18:25
676,Type,Läsk,9,47.31,2025-01-05T16:46:38
677,Man,Kakor,9,5.15,2025-01-09T07:34:31
678,Cup,Kakor,7,34.56,2025-01-02T17:28:39
679,Fine,Godis,9,36.49,2025-01-03T20:07:48
680,Tree,Godis,10,9.35,2025-01-11T16:50:29
681,Rich,Kakor,4,25.48,2025-01-04T23:41:45
682,Wait,Läsk,6,25.34,2025-01-13T19:31:26
683,Wait,Läsk,9,15.1,2025-01-10T11:42:55
684,General,Läsk,2,30.89,2025-01-08T08:55:41
685,Family,Godis,7,45.18,2025-01-12T15:55:26
686,Positive,Läsk,3,29.23,2025-01-13T16:04:13
687,Answer,Godis,3,33.77,2025-01-02T13:29:15
688,Successful,Kakor,7,41.91,2025-01-15T07:16:38
689,General,Läsk,2,42.2,2025-01-13T06:47:06
690,Seat,Godis,3,32.72,2025-01-16T11:37:22
691,Win,Godis,4,16.85,2025-01-05T18:29:56
692,Per,Läsk,8,47.29,2025-01-14T10:15:28
693,Think,Godis,6,32.53,2025-01-05T19:47:13
694,Scientist,Godis,4,48.46,2025-01-02T00:57:59
695,Camera,Kakor,8,25.75,2025-01-12T06:47:39
696,Successful,Godis,7,28.19,2025-01-11T11:10:00
697,Cup,Läsk,3,22.6,2025-01-04T03:50:28
698,Argue,Godis,3,49.58,2025-01-11T16:48:08
699,Prove,Godis,10,18.17,2025-01-13T15:29:47
700,Focus,Läsk,1,49.44,2025-01-10T19:28:58
701,Compare,Kakor,8,18.49,2025-01-03T02:32:43
702,Half,Läsk,4,37.11,2025-01-13T10:13:28
703,We,Kakor,2,41.55,2025-01-08T03:28:09
704,Before,Kakor,2,13.81,2025-01-01T17:00:17
705,Suffer,Godis,6,20.09,2025-01-05T07:42:16
706,Can,Kakor,7,31.49,2025-01-16T02:10:24
707,Need,Läsk,2,18.69,2025-01-02T05:18:29
708,Continue,Godis,10,39.49,2025-01-01T09:31:31
709,View,Kakor,4,13.31,2025-01-12T01:06:53
710,Voice,Kakor,5,43.32,2025-01-11T12:30:58
711,Grow,Kakor,3,8.22,2025-01-13T08:25:56
712,Together,Kakor,9,29.91,2025-01-14T05:09:11
713,Participant,Godis,1,7.19,2025-01-02T13:04:16
714,Plan,Kakor,4,43.0,2025-01-02T11:38:20
715,Participant,Läsk,7,14.6,2025-01-13T02:37:16
716,There,Godis,1,16.51,2025-01-08T03:15:59
717,Take,Kakor,4,15.02,2025-01-09T13:49:25
718,Building,Godis,2,30.03,2025-01-07T11:52:24
719,Hard,Läsk,9,5.08,2025-01-11T23:12:56
720,Field,Kakor,4,12.3,2025-01-13T12:12:36
721,Because,Kakor,3,12.56,2025-01-09T13:21:36
722,Image,Läsk,6,48.48,2025-01-07T03:57:00
723,Whom,Kakor,8,49.64,2025-01-13T01:37:23
724,Partner,Läsk,10,34.91,2025-01-05T10:46:47
725,Of,Kakor,8,9.32,2025-01-05T08:17:06
726,Staff,Kakor,10,23.53,2025-01-07T12:16:11
727,Great,Läsk,7,8.76,2025-01-14T13:23:54
728,Kitchen,Godis,2,40.35,2025-01-13T17:07:22
729,Man,Läsk,10,20.95,2025-01-16T01:02:43
730,Drive,Läsk,5,37.67,2025-01-06T02:30:01
731,Traditional,Kakor,6,19.27,2025-01-12T10:39:54
732,Purpose,Godis,6,48.23,2025-01-11T08:02:48
733,Cultural,Godis,3,41.28,2025-01-15T10:31:55
734,Difference,Kakor,9,13.58,2025-01-15T03:25:33
735,Miss,Kakor,9,47.24,2025-01-07T15:56:42
736,Future,Läsk,6,8.29,2025-01-13T10:05:14
737,Character,Läsk,8,24.65,2025-01-14T23:34:09
738,Check,Kakor,9,42.48,2025-01-04T21:42:14
739,Sometimes,Godis,7,49.94,2025-01-12T16:34:25
740,Week,Godis,3,12.9,2025-01-12T02:52:00
741,Fly,Godis,9,14.2,2025-01-04T04:41:30
742,Along,Godis,8,28.41,2025-01-05T17:04:22
743,Enter,Läsk,8,45.79,2025-01-04T00:46:51
744,Family,Kakor,8,25.78,2025-01-16T11:43:38
745,Carry,Läsk,8,28.14,2025-01-10T05:02:00
746,Fine,Kakor,1,5.9,2025-01-02T05:35:23
747,Person,Godis,7,26.46,2025-01-10T00:26:25
748,We,Kakor,5,32.64,2025-01-09T04:43:59
749,Sit,Godis,5,9.72,2025-01-10T11:25:22
750,Performance,Godis,8,39.13,2025-01-08T14:26:08
751,Voice,Läsk,5,22.45,2025-01-14T19:33:42
752,Day,Läsk,4,35.79,2025-01-13T23:05:08
753,Property,Kakor,2,15.91,2025-01-02T23:14:43
754,Wide,Kakor,7,42.06,2025-01-05T03:23:10
755,Value,Godis,1,27.78,2025-01-07T04:38:16
756,Big,Läsk,3,28.27,2025-01-03T13:25:04
757,Seem,Godis,10,27.29,2025-01-06T23:01:06
758,Gun,Godis,8,34.41,2025-01-03T07:03:08
759,Class,Kakor,7,48.85,2025-01-09T11:16:40
760,Bill,Läsk,1,20.48,2025-01-10T23:21:51
761,Another,Läsk,3,31.39,2025-01-12T10:30:10
762,People,Godis,5,37.21,2025-01-10T13:55:29
763,Similar,Läsk,7,37.35,2025-01-05T10:07:50
764,Along,Kakor,6,39.45,2025-01-09T21:07:53
765,Pretty,Kakor,3,39.39,2025-01-09T14:45:23
766,Sea,Kakor,7,49.3,2025-01-08T20:12:43
767,Message,Kakor,3,28.76,2025-01-12T06:12:22
768,Something,Godis,4,6.08,2025-01-16T16:58:06
769,Its,Kakor,6,18.1,2025-01-05T10:10:58
770,Future,Läsk,3,23.38,2025-01-03T18:20:46
771,Respond,Kakor,10,35.43,2025-01-03T14:52:52
772,Send,Läsk,2,32.14,2025-01-02T20:38:56
773,Reveal,Godis,7,39.85,2025-01-15T00:56:11
774,Sit,Kakor,6,45.57,2025-01-14T02:16:02
775,Into,Läsk,9,35.96,2025-01-14T10:09:46
776,Carry,Läsk,1,10.05,2025-01-04T23:08:48
777,Receive,Kakor,7,38.79,2025-01-11T20:56:40
778,Structure,Godis,5,31.36,2025-01-05T07:52:11
779,Four,Läsk,7,35.9,2025-01-10T06:15:16
780,This,Läsk,5,34.37,2025-01-07T13:35:18
781,Analysis,Godis,1,24.09,2025-01-09T13:24:25
782,Man,Kakor,7,30.65,2025-01-10T16:09:16
783,Later,Godis,2,10.91,2025-01-03T15:29:51
784,Staff,Kakor,6,37.01,2025-01-06T23:54:38
785,Policy,Läsk,8,42.01,2025-01-13T00:32:48
786,Goal,Kakor,1,34.45,2025-01-06T00:00:42
787,About,Godis,2,33.03,2025-01-07T14:27:39
788,Building,Kakor,8,35.18,2025-01-02T17:11:12
789,Continue,Kakor,1,9.71,2025-01-05T06:21:46
790,Woman,Godis,5,40.43,2025-01-14T02:20:22
791,Event,Kakor,8,35.01,2025-01-09T15:08:24
792,Speak,Läsk,4,23.0,2025-01-15T12:39:17
793,Value,Godis,6,31.97,2025-01-08T10:40:51
794,Career,Kakor,6,35.64,2025-01-15T04:52:56
795,Whom,Godis,9,26.14,2025-01-16T02:35:38
796,Project,Kakor,8,46.83,2025-01-13T22:17:39
797,Project,Kakor,5,48.41,2025-01-16T03:22:30
798,Project,Kakor,9,42.69,2025-01-13T01:37:43
799,Reason,Kakor,2,14.62,2025-01-13T16:44:20
800,Air,Kakor,9,6.6,2025-01-15T17:18:54
801,Campaign,Godis,3,34.77,2025-01-10T22:08:55
802,Bill,Kakor,5,27.78,2025-01-12T12:04:46
803,Two,Läsk,10,39.03,2025-01-15T01:09:59
804,Into,Kakor,9,5.89,2025-01-06T01:07:05
805,Receive,Läsk,1,27.58,2025-01-10T14:35:25
806,Within,Godis,2,49.46,2025-01-07T04:49:27
807,Couple,Godis,6,28.08,2025-01-05T15:05:03
808,Buy,Godis,4,47.93,2025-01-04T15:36:33
809,Forward,Godis,8,38.92,2025-01-11T08:31:29
810,Purpose,Godis,7,34.28,2025-01-14T06:49:32
811,Purpose,Godis,2,45.49,2025-01-08T11:00:55
812,Professor,Godis,9,41.6,2025-01-14T00:33:44
813,Scientist,Kakor,5,37.27,2025-01-12T21:10:04
814,Value,Kakor,7,38.08,2025-01-11T18:53:58
815,Camera,Läsk,2,30.68,2025-01-13T20:47:18
816,Claim,Godis,10,11.56,2025-01-07T03:22:14
817,Take,Godis,2,41.32,2025-01-04T13:20:38
818,Professor,Kakor,4,44.15,2025-01-02T09:38:55
819,Claim,Godis,10,35.23,2025-01-15T05:32:31
820,Tree,Kakor,8,20.28,2025-01-02T01:52:40
821,Fine,Läsk,1,40.32,2025-01-15T22:35:12
822,Money,Kakor,7,9.56,2025-01-07T23:41:35
823,Medical,Godis,3,9.21,2025-01-14T16:43:17
824,Carry,Kakor,10,43.79,2025-01-11T19:53:46
825,Step,Läsk,9,49.82,2025-01-04T11:31:14
826,Day,Godis,4,14.71,2025-01-05T05:26:01
827,Training,Läsk,6,49.68,2025-01-16T08:07:37
828,Pressure,Läsk,7,41.34,2025-01-02T15:20:14
829,Open,Godis,1,18.67,2025-01-09T13:04:09
830,Line,Godis,9,37.61,2025-01-08T00:12:54
831,Article,Läsk,2,23.52,2025-01-01T11:11:14
832,Maybe,Läsk,7,45.35,2025-01-02T02:03:43
833,Later,Godis,10,21.45,2025-01-14T23:53:02
834,Financial,Kakor,3,5.95,2025-01-15T05:19:05
835,Smile,Läsk,9,23.7,2025-01-07T13:30:24
836,Someone,Läsk,1,44.79,2025-01-15T10:20:07
837,Purpose,Godis,1,14.16,2025-01-07T05:18:59
838,Bill,Kakor,4,31.14,2025-01-12T22:59:27
839,Our,Godis,8,24.68,2025-01-14T02:50:57
840,What,Godis,10,16.44,2025-01-04T10:57:41
841,Later,Kakor,6,10.15,2025-01-15T22:58:32
842,Argue,Läsk,5,46.89,2025-01-05T16:52:16
843,Rich,Godis,9,5.42,2025-01-07T10:52:23
844,However,Kakor,7,35.45,2025-01-06T01:08:08
845,Suffer,Kakor,3,24.53,2025-01-15T12:23:00
846,Street,Läsk,7,17.84,2025-01-03T23:15:26
847,Need,Kakor,6,27.34,2025-01-07T14:10:32
848,Account,Läsk,8,39.34,2025-01-11T13:48:13
849,Structure,Kakor,5,43.1,2025-01-10T17:29:11
850,Require,Godis,7,23.82,2025-01-14T15:20:57
851,Respond,Godis,1,7.7,2025-01-13T04:06:23
852,Alone,Läsk,9,9.17,2025-01-07T00:03:04
853,Economic,Kakor,7,38.28,2025-01-15T19:26:47
854,Send,Kakor,7,20.95,2025-01-11T09:14:20
855,Field,Läsk,3,17.2,2025-01-07T09:35:12
856,Political,Kakor,2,22.23,2025-01-12T16:07:17
857,Seven,Godis,2,6.51,2025-01-10T00:59:50
858,Need,Kakor,2,12.2,2025-01-09T23:57:05
859,Chance,Godis,9,8.13,2025-01-12T11:21:16
860,Toward,Godis,10,31.64,2025-01-15T15:19:21
861,Win,Läsk,3,20.4,2025-01-07T02:12:30
862,Check,Läsk,1,41.32,2025-01-08T22:13:29
863,Character,Godis,6,20.73,2025-01-04T04:23:09
864,Person,Godis,2,15.06,2025-01-14T21:16:29
865,Drive,Läsk,8,24.92,2025-01-16T03:03:31
866,Street,Läsk,6,26.08,2025-01-02T14:32:27
867,Especially,Läsk,6,5.71,2025-01-04T00:10:57
868,Class,Kakor,4,44.02,2025-01-03T17:46:26
869,Suffer,Läsk,1,13.83,2025-01-08T17:05:29
870,Interest,Läsk,9,10.97,2025-01-09T03:23:29
871,About,Godis,10,13.64,2025-01-05T23:49:08
872,Wide,Kakor,4,48.72,2025-01-05T06:17:05
873,Seat,Godis,9,7.09,2025-01-05T01:10:48
874,Marriage,Godis,1,14.18,2025-01-12T07:59:12
875,Successful,Godis,6,44.38,2025-01-09T04:47:05
876,Day,Läsk,4,41.8,2025-01-14T05:27:10
877,Half,Läsk,7,40.56,2025-01-06T00:51:34
878,Cultural,Läsk,2,24.36,2025-01-05T19:22:43
879,Message,Läsk,4,44.24,2025-01-09T11:45:12
880,Small,Kakor,5,27.56,2025-01-16T02:58:32
881,Important,Läsk,7,28.3,2025-01-11T21:35:27
882,Seem,Kakor,1,23.46,2025-01-14T00:32:49
883,Only,Godis,7,11.73,2025-01-10T18:27:12
884,Notice,Kakor,7,32.94,2025-01-12T17:20:40
885,Message,Läsk,2,12.09,2025-01-16T15:24:52
886,Employee,Godis,4,44.4,2025-01-12T09:47:35
887,Community,Läsk,8,28.99,2025-01-14T01:54:48
888,Name,Läsk,8,15.03,2025-01-15T06:05:44
889,Measure,Läsk,4,37.85,2025-01-07T12:41:19
890,Project,Godis,7,8.5,2025-01-15T16:05:03
891,Admit,Kakor,8,5.95,2025-01-05T07:19:24
892,Hospital,Godis,7,18.9,2025-01-06T19:21:04
893,Man,Kakor,5,39.47,2025-01-15T12:56:11
894,Green,Godis,5,30.86,2025-01-05T12:55:29
895,Great,Kakor,6,6.77,2025-01-15T04:29:21
896,Take,Läsk,9,13.69,2025-01-07T10:16:03
897,Smile,Kakor,9,30.28,2025-01-06T04:45:52
898,Enter,Kakor,6,8.06,2025-01-01T13:03:20
899,Seven,Läsk,4,36.57,2025-01-15T12:02:52
900,Note,Kakor,6,40.93,2025-01-05T17:18:45
901,This,Godis,8,11.87,2025-01-03T15:24:49
902,Heart,Kakor,8,49.32,2025-01-01T01:48:02
903,Important,Läsk,1,9.68,2025-01-12T23:27:45
904,Difference,Läsk,6,12.1,2025-01-12T21:25:53
905,Stand,Kakor,7,45.96,2025-01-14T06:50:09
906,Soldier,Kakor,6,13.8,2025-01-04T21:11:03
907,Suffer,Läsk,9,18.93,2025-01-06T14:19:13
908,Least,Kakor,3,19.39,2025-01-15T13:36:13
909,Big,Läsk,6,19.02,2025-01-08T23:08:42
910,Table,Kakor,5,47.7,2025-01-07T09:27:23
911,Street,Godis,9,41.7,2025-01-15T03:30:30
912,Building,Kakor,1,13.61,2025-01-14T15:33:37
913,Small,Godis,8,9.93,2025-01-04T11:02:11
914,Easy,Godis,4,26.64,2025-01-03T00:08:37
915,Minute,Läsk,2,27.02,2025-01-06T13:42:09
916,We,Godis,7,39.0,2025-01-07T22:54:44
917,Camera,Godis,4,49.92,2025-01-01T22:47:55
918,Gun,Läsk,2,17.14,2025-01-13T11:20:16
919,Condition,Läsk,4,29.39,2025-01-12T04:00:54
920,Small,Kakor,5,39.0,2025-01-05T19:42:46
921,Project,Kakor,3,20.52,2025-01-07T06:24:43
922,Month,Godis,8,7.18,2025-01-03T16:40:23
923,Policy,Godis,1,41.29,2025-01-01T21:18:27
924,Analysis,Godis,4,49.97,2025-01-08T15:23:25
925,Speak,Godis,2,37.18,2025-01-11T09:37:20
926,Until,Kakor,9,40.93,2025-01-06T08:10:50
927,Blood,Godis,3,33.46,2025-01-01T16:50:13
928,Later,Godis,3,25.45,2025-01-07T12:23:38
929,Whom,Kakor,6,25.89,2025-01-12T17:54:18
930,Four,Godis,2,47.62,2025-01-13T17:37:48
931,Enter,Kakor,1,12.97,2025-01-13T19:07:47
932,Season,Kakor,4,33.6,2025-01-10T04:07:29
933,Open,Godis,8,10.51,2025-01-08T14:00:44
934,Item,Läsk,2,40.9,2025-01-13T08:38:27
935,Report,Godis,4,38.1,2025-01-08T23:41:43
936,Blood,Godis,4,31.07,2025-01-06T01:23:14
937,Report,Kakor,6,29.41,2025-01-13T19:06:10
938,Along,Kakor,10,6.95,2025-01-05T02:31:35
939,Buy,Kakor,6,17.71,2025-01-04T23:30:01
940,Majority,Kakor,10,25.26,2025-01-15T17:51:10
941,Season,Kakor,10,32.27,2025-01-11T01:13:09
942,Within,Godis,5,8.66,2025-01-06T05:23:24
943,The,Godis,6,25.85,2025-01-12T01:37:59
944,Future,Kakor,7,20.53,2025-01-16T16:33:46
945,Security,Godis,10,39.34,2025-01-07T05:17:31
946,Grow,Kakor,10,33.47,2025-01-07T15:28:25
947,Article,Godis,7,38.12,2025-01-16T01:27:07
948,Sure,Kakor,3,34.73,2025-01-07T12:48:46
949,Right,Läsk,6,42.69,2025-01-03T16:41:25
950,Seem,Läsk,10,39.02,2025-01-11T19:50:02
951,Marriage,Kakor,4,12.19,2025-01-15T18:04:32
952,Character,Läsk,7,25.06,2025-01-08T13:51:48
953,Talk,Kakor,5,48.68,2025-01-16T04:51:07
954,There,Kakor,2,33.02,2025-01-14T18:04:51
955,Do,Godis,2,34.79,2025-01-15T05:49:18
956,Take,Kakor,7,29.01,2025-01-15T18:15:15
957,Couple,Godis,10,46.18,2025-01-09T00:31:35
958,Animal,Godis,7,42.16,2025-01-06T07:25:00
959,Notice,Godis,8,32.38,2025-01-08T18:06:06
960,Institution,Läsk,5,5.99,2025-01-07T17:40:51
961,Country,Läsk,3,18.01,2025-01-07T04:20:10
962,Laugh,Läsk,6,23.42,2025-01-10T22:01:11
963,Myself,Läsk,3,22.25,2025-01-14T21:02:54
964,Week,Godis,5,18.8,2025-01-09T16:27:06
965,Back,Godis,4,48.48,2025-01-03T14:58:23
966,Season,Kakor,3,10.12,2025-01-05T15:46:24
967,Item,Läsk,9,7.13,2025-01-15T02:50:08
968,Gun,Kakor,8,38.76,2025-01-05T02:17:01
969,There,Godis,2,18.84,2025-01-10T14:00:13
970,Animal,Läsk,9,35.81,2025-01-13T08:14:45
971,Stage,Läsk,10,9.01,2025-01-04T23:56:15
972,Case,Godis,2,41.45,2025-01-04T12:44:34
973,Image,Kakor,2,36.63,2025-01-07T21:11:03
974,Easy,Läsk,7,49.43,2025-01-12T04:49:30
975,Able,Kakor,10,19.42,2025-01-13T09:36:15
976,Hospital,Godis,8,21.71,2025-01-11T16:17:34
977,Air,Kakor,10,14.78,2025-01-13T13:25:39
978,Argue,Godis,9,6.44,2025-01-02T15:14:35
979,Bill,Godis,3,41.35,2025-01-15T07:07:11
980,Type,Godis,7,7.64,2025-01-08T15:35:45
981,Structure,Läsk,2,49.32,2025-01-08T17:15:40
982,Wide,Kakor,4,21.59,2025-01-07T06:47:27
983,Type,Kakor,1,36.44,2025-01-03T10:31:26
984,Along,Kakor,8,23.33,2025-01-10T09:29:27
985,Condition,Godis,5,35.09,2025-01-09T19:52:35
986,Pretty,Godis,1,25.34,2025-01-04T18:01:31
987,Require,Läsk,4,25.93,2025-01-06T09:25:20
988,Gun,Godis,8,24.85,2025-01-09T19:51:34
989,Myself,Godis,8,42.03,2025-01-12T15:46:08
990,Of,Kakor,5,13.85,2025-01-09T07:55:26
991,Campaign,Godis,3,32.09,2025-01-13T20:36:30
992,Several,Kakor,9,19.94,2025-01-08T15:03:21
993,Pretty,Kakor,9,22.13,2025-01-13T09:52:53
994,Because,Läsk,2,41.71,2025-01-05T23:57:08
995,Tonight,Kakor,6,46.7,2025-01-01T20:58:41
996,Though,Läsk,2,41.93,2025-01-02T17:55:00
997,Someone,Kakor,2,9.1,2025-01-12T02:59:53
998,Field,Godis,3,45.29,2025-01-03T05:33:23
999,Measure,Läsk,6,39.91,2025-01-15T16:50:37
1000,Wide,Godis,10,32.6,2025-01-06T01:35:08
